zutat,kategorie
Tomaten,Vegan
Tomaten,Vegetarisch
Tomaten,Glutenfrei
Tomaten,Bio
Gurken,Vegan
Gurken,Vegetarisch
Gurken,Glutenfrei
Karotten,Vegan
Karotten,Vegetarisch
Karotten,Glutenfrei
Karotten,Bio
Zwiebeln,Vegan
Zwiebeln,Vegetarisch
Zwiebeln,Glutenfrei
Kartoffeln,Vegan
Kartoffeln,Vegetarisch
Kartoffeln,Glutenfrei
Paprika,Vegan
Paprika,Vegetarisch
Paprika,Glutenfrei
Paprika,Bio
Spinat,Vegan
Spinat,Vegetarisch
Spinat,Glutenfrei
Spinat,Bio
Brokkoli,Vegan
Brokkoli,Vegetarisch
Brokkoli,Glutenfrei
Hähnchenbrustfilet,Glutenfrei
Hähnchenbrustfilet,High Protein
Hähnchenbrustfilet,Low Carb
Rinderhackfleisch,Glutenfrei
Rinderhackfleisch,High Protein
Rinderhackfleisch,Low Carb
Rinderhackfleisch,Paleo
Schweineschnitzel,Glutenfrei
Schweineschnitzel,High Protein
Bio-Eier,Vegetarisch
Bio-Eier,Glutenfrei
Bio-Eier,High Protein
Bio-Eier,Bio
Lachsfilet,Glutenfrei
Lachsfilet,High Protein
Lachsfilet,Low Carb
Lachsfilet,Paleo
Garnelen,Glutenfrei
Garnelen,Low Carb
Garnelen,High Protein
Thunfisch in Dosen,Glutenfrei
Thunfisch in Dosen,High Protein
Gouda,Vegetarisch
Gouda,Glutenfrei
Mozzarella,Vegetarisch
Mozzarella,Glutenfrei
Vollmilch,Vegetarisch
Vollmilch,Glutenfrei
Sahne,Vegetarisch
Sahne,Glutenfrei
Butter,Vegetarisch
Butter,Glutenfrei
Joghurt Natur,Vegetarisch
Joghurt Natur,Glutenfrei
Vollkornnudeln,Vegan
Vollkornnudeln,Vegetarisch
Basmatireis,Vegan
Basmatireis,Vegetarisch
Basmatireis,Glutenfrei
Haferflocken,Vegan
Haferflocken,Vegetarisch
Couscous,Vegan
Couscous,Vegetarisch
Weizenmehl Type 405,Vegan
Weizenmehl Type 405,Vegetarisch
Roggenmehl,Vegan
Roggenmehl,Vegetarisch
Vollkornbrot,Vegan
Vollkornbrot,Vegetarisch
Brötchen,Vegetarisch
Hefe,Vegan
Hefe,Vegetarisch
Salz,Vegan
Salz,Vegetarisch
Salz,Glutenfrei
Salz,Zuckerfrei
Pfeffer schwarz,Vegan
Pfeffer schwarz,Vegetarisch
Pfeffer schwarz,Glutenfrei
Pfeffer schwarz,Zuckerfrei
Paprikapulver,Vegan
Paprikapulver,Vegetarisch
Paprikapulver,Glutenfrei
Currypulver,Vegan
Currypulver,Vegetarisch
Currypulver,Glutenfrei
Olivenöl,Vegan
Olivenöl,Vegetarisch
Olivenöl,Glutenfrei
Olivenöl,Bio
Olivenöl,Paleo
Bio-Honig,Vegetarisch
Bio-Honig,Glutenfrei
Bio-Honig,Bio
Bio-Honig,Paleo
Bio-Apfelsaft,Vegan
Bio-Apfelsaft,Vegetarisch
Bio-Apfelsaft,Glutenfrei
Bio-Apfelsaft,Bio
Linsen,Vegan
Linsen,Vegetarisch
Linsen,Glutenfrei
Linsen,High Protein
Kichererbsen,Vegan
Kichererbsen,Vegetarisch
Kichererbsen,Glutenfrei
Kichererbsen,High Protein
